Company_Name,City,State,Phone,TollFree_Phone,Email,URL
American Electric Power,Columbia,NJ,8008629869,,ganter@live.com,
Northern Trust,Thessaloniki,Greece,302310365105,,jadavis@icloud.com,wikispaces.com
Masco,Stamford,CT,2033762888,,tjensen@yahoo.com,infoseek.co.jp
Fortive,Wheat Ridge,CO,3037333404,,csilvers@att.net,weebly.com
Bed Bath & Beyond,,Germany,,,thrymm@gmail.com,nba.com
W.R. Berkley,Casa Grande,AZ,8668094506,,hampton@att.net,cdbaby.com
Delta Air Lines,Tampa,FL,8139801400,,quantaman@me.com,china.com.cn
Fluor,Neenah,WI,8004343750,,konst@outlook.com,acquirethisname.com
Nordstrom,New York,NY,2127364440,,kimvette@icloud.com,ebay.com
WestRock,Bainbridge Island,WA,8888429492,,bachmann@aol.com,naver.com
Marathon Oil,Abu Dhabi,United Arab Emirates,,,aibrahim@verizon.net,squidoo.com
DCP Midstream,South Miami,FL,3054610283,,ramollin@hotmail.com,usnews.com
Cintas,Ft. Wayne,IN,8005291218,,caidaperl@att.net,biblegateway.com
Starbucks,New York,NY,8008112536,,oevans@outlook.com,vistaprint.com
Intel,Wetherby,"West Yorkshire, UK",,,wildfire@msn.com,bizjournals.com
Pfizer,Los Angeles,CA,3239319952,,tamas@icloud.com,issuu.com
Franklin Resources,Houston,TX,3462751515,,chrisj@live.com,japanpost.jp
HP,Chicago,IL,3124640900,3124640900,steve@yahoo.ca,icio.us
Performance Food Group,Cooper City,FL,8444266547,,lbecchi@sbcglobal.net,discuz.net
Dominion Energy,Montclair,CA,"
8005483227

8005483227

8005483227

8005483227

8005483227

8005483227

8005483227

8005483227

8005483227

8005483227

8005483227

8005483227

8005483227

8005483227

8005483227

8005483227

8005483227

8005483227

8005483227

8005483227

8005483227

8005483227

8005483227

8005483227

8005483227

8005483227

8005483227

8005483227

8005483227

8005483227

8005483227

8005483227

8005483227

8005483227

8005483227

8005483227

8005483227

8005483227

8005483227

8005483227

8005483227

8005483227

8005483227

8005483227

8005483227

8005483227

8005483227

8005483227

8005483227

8005483227

8005483227

8005483227

8005483227

8005483227

8005483227

8005483227

8005483227

8005483227

8005483227

8005483227

8005483227

8005483227

8005483227

8005483227

8005483227

8005483227

8005483227

8005483227

8005483227

8005483227

8005483227

8005483227

8005483227

8005483227

8005483227

8005483227

8005483227

8005483227

8005483227

8005483227

8005483227

8005483227

8005483227

8005483227

8005483227

8005483227

8005483227

8005483227

8005483227

8005483227

8005483227
",,barlow@mac.com,free.fr
Adobe,Dongguan,"Guangdong, China",76922214475,,mschwartz@hotmail.com,netscape.com
Hartford Financial Services,Guangzhou,China,2039283299,,jguyer@comcast.net,vk.com
Sysco,Anaheim,CA,6265511568,,ryanshaw@live.com,yahoo.co.jp
Dick's Sporting Goods,Roseville,CA,8449312291,,tamas@optonline.net,dmoz.org
Bank of America,Brooklyn,NY,7188321200,8003876267,redingtn@me.com,e-recht24.de
World Fuel Services,New York,NY,2122061730,8007930224,arebenti@yahoo.ca,skype.com
CBRE Group,Northbrook,IL,8006210827,,adillon@yahoo.com,state.tx.us
Estee Lauder,Minneapolis,MN,6123156260,,russotto@hotmail.com,senate.gov
Arrow Electronics,Kruishoutem,Belgium,13106584878,,fwiles@sbcglobal.net,apple.com
J.M. Smucker,Alhambra,CA,6264588668,,stinson@optonline.net,umich.edu
J.B. Hunt Transport Services,Houston,TX,8002887396,,gravyface@outlook.com,wordpress.com
Fifth Third Bancorp,New York,NY,2126478900,,hermes@icloud.com,bigcartel.com
Westlake Chemical,Bursa,Turkey,902244435033,,citizenl@yahoo.com,google.co.jp
Alcoa,Lynwood,CA,8773222100,,redingtn@icloud.com,dailymail.co.uk
Peter Kiewit Sons',Toronto,ON,6474029601,,geekgrl@gmail.com,webnode.com
Harley-Davidson,Dallas,TX,2146880244,,madler@live.com,hhs.gov
Sanmina,Islip Terrace,NY,6315815257,,boein@aol.com,fda.gov
Avis Budget Group,New York,NY,8884887575,,thomasj@sbcglobal.net,geocities.jp
Delek US Holdings,A Coruna,Spain,3235996363,,pedwards@live.com,blogtalkradio.com
AGCO,Trumann,AR,8003435267,,klaudon@verizon.net,arstechnica.com
Voya Financial,Wharton,NJ,8002407071,,madler@att.net,howstuffworks.com
Altria Group,Barcelona,Spain,34936315825,,cmdrgravy@msn.com,noaa.gov
Boston Scientific,Greensboro,NC,8008491320,,facet@comcast.net,hugedomains.com
Booz Allen Hamilton,Naperville,IL,6302407374,,netsfr@hotmail.com,ameblo.jp
Kinder Morgan,Saraland,AL,2516759080,3233137215,maradine@msn.com,technorati.com
ABM Industries,St. Cloud,MN,8006338287,,,posterous.com
American Axle & Manufacturing,Krakow,Poland,48122902930,48122900451,,microsoft.com
Regions Financial,Mississauga,ON,8002519566,,,buzzfeed.com
O'Reilly Automotive,Moultrie,GA,8004053951,,aaribaud@hotmail.com,amazon.com
BorgWarner,Guangzhou,"Guangdong, China",7609078412,8613512779990,frikazoyd@icloud.com,instagram.com
Berry Global Group,Ithaca,NY,6074426236,,marioph@optonline.net,pbs.org
Autoliv,St. Louis,MO,6367870000,,ngedmond@optonline.net,last.fm
Synchrony Financial,Kelowna,BC,8666802457,,tellis@att.net,google.es
MetLife,Alexandria,New South Wales,4153195021,,gboss@comcast.net,mapy.cz
Facebook,San Diego,CA,8582718008,8772718008,jelmer@live.com,weather.com
Wynn Resorts,Gurnee,IL,8472441234,2243996375,mglee@yahoo.ca,privacy.gov.au
Cigna,,,8559227377,,chrisj@mac.com,unc.edu
Old Republic International,Moorestown,NJ,8562737878,8004517467,ebassi@icloud.com,nydailynews.com
Norfolk Southern,Mason,OH,8004522726,,jkegl@gmail.com,nsw.gov.au
Enterprise Products Partners,Miami,FL,3059747282,,sravani@me.com,pcworld.com
Merck,,,8889911332,,cgreuter@att.net,miitbeian.gov.cn
Caterpillar,Swans Island,ME,2075264352,,josem@msn.com,virginia.edu
Archer Daniels Midland,Sarasota,FL,9414442027,,pfitza@outlook.com,slashdot.org
Univar,Barcelona,Spain,34934570052,,rupak@att.net,woothemes.com
General Electric,Rohnert Park,CA,7075888881,,pemungkah@gmail.com,mlb.com
News Corp.,Medford,MA,6179996821,,bartak@live.com,un.org
Home Depot,Freeport,NY,5167645006,8007645006,grothoff@att.net,goodreads.com
EOG Resources,Richardson,TX,9723881450,,amaranth@me.com,sciencedaily.com
CMS Energy,Wheeling,IL,8476578481,,frikazoyd@optonline.net,bing.com
AutoZone,Lichtenvoorde, The Netherlands,31544390400,,ramollin@hotmail.com,tiny.cc
Comcast,Kennesaw,GA,6785949300,,kingjoshi@verizon.net,wunderground.com
Massachusetts Mutual Life Insurance,Indianapolis,IN,8773452749,,iapetus@verizon.net,usatoday.com
Wells Fargo,Ingleburn,Australia,61294265222,,smpeters@verizon.net,theatlantic.com
Lithia Motors,San Francisco,CA,9256400464,,okroeger@gmail.com,networkadvertising.org
Mutual of Omaha Insurance,Costa Mesa,CA,8007434252,,jdhedden@live.com,hao123.com
UnitedHealth Group,Wallingford,CT,2038899763 ,,chrisj@gmail.com,netlog.com
Graphic Packaging Holding,Pomona,CA,9096224800,,heine@gmail.com,chicagotribune.com
Constellation Brands,High Point,NC,3364315500,,rmcfarla@outlook.com,wsj.com
Macy's,Le Sueur,MN,8662262742,866CAMBRIA,parents@aol.com,uol.com.br
Microsoft,Hanoi,Vietnam,84902801188,,calin@yahoo.com,cocolog-nifty.com
Valero Energy,Pennsburg,PA,2155414330,,slanglois@icloud.com,latimes.com
McDonald's,New Orleans,LA,5045984440,,juliano@att.net,businessinsider.com
Stryker,Farmingville,NY,800FORTILE,6317360770,aukjan@sbcglobal.net,businessweek.com
Apache,Rynkeby,Denmark,4566154560,,jshirley@me.com,tuttocitta.it
Aramark,Toronto,ON,4162400088,,gregh@verizon.net,odnoklassniki.ru
Calpine,Concord,ON,9056600611,8883432273,bonmots@verizon.net,soup.io
Citigroup,Vancouver,BC,6064389353,,denton@yahoo.com,pagesperso-orange.fr
Republic Services,Ocala,FL,3526298889,,gfody@aol.com,hubpages.com
Interpublic Group,Franklin,MA,2897950121,,breegster@live.com,skyrock.com
Levi Strauss,Changzhou,"Jiangsu, China",864008220117,,pfitza@optonline.net,multiply.com
Marathon Petroleum,Kirkland,WA,4258234560,8007550471,conteb@aol.com,boston.com
Bank of New York Mellon,Boone,NC,8282640100,,geeber@yahoo.com,cargocollective.com
US Foods Holding,Siler City,NC,3366222201,,gommix@aol.com,hud.gov
Lowe's,Goleta,CA,8055608400,,smcnabb@outlook.com,nifty.com
Mastercard,Lancashire,United Kingdom,441253831400,,hamilton@yahoo.com,prweb.com
Jones Financial (Edward Jones),Easthampton,MA,8008077341,,kdawson@sbcglobal.net,about.me
Laboratory Corp. of America,New York,NY,2126799204,,kawasaki@att.net,arizona.edu
DuPont de Nemours,Louisville,KY,5024911461,,mmccool@live.com,toplist.cz
MGM Resorts International,Hollywood,CA,8664580529,,rfoley@hotmail.com,census.gov
Oracle,Kent,WA,2533953900,8008542315,smeier@gmail.com,cisco.com
Olin,Jacksonville,FL,9046455000,8008814567,wsnyder@yahoo.ca,archive.org
Walgreens Boots Alliance,,Italy,390392074,,mahbub@att.net,foxnews.com
Kroger,Eagan,MN,6512519036,,dsugal@live.com,techcrunch.com
Magellan Health,New York,NY,2016960344,8003386229,dogdude@mac.com,stanford.edu
Icahn Enterprises,Coral Gables,FL,2814947277,,fbriere@att.net,webmd.com
NRG Energy,Longgang District,"Shenzhen, Gaugdong",75528351096,,ingolfke@optonline.net,freewebs.com
BlackRock,Middletown,NY,8004537273,8453429009,padme@mac.com,51.la
Thermo Fisher Scientific,Fort Lee,NJ,2015858500,8002236186,retoh@optonline.net,ucsd.edu
Blackstone Group,Crossville,TN,9314842110,,nullchar@aol.com,google.ca
Synnex,Ahmedabad,India,919830066080,,jonas@gmail.com,rakuten.co.jp
Hormel Foods,Bloomfield Hills,MI,2488556000,8002797866,ahmad@msn.com,digg.com
PG&E,Tijuana,Mexico,526646848281,8773090181,salesgeek@me.com,reference.com
Twenty-First Century Fox,Atlanta,GA,6785331500,8777686428,tattooman@msn.com,yellowbook.com
BJ's Wholesale Club,Cuenca,Ecuador,593992738888,,dawnsong@hotmail.com,photobucket.com
Molson Coors Brewing,Houston,TX,2816191800,,phyruxus@gmail.com,fema.gov
Intercontinental Exchange,West Hollywood,CA,3106520464,,aukjan@verizon.net,europa.eu
Jefferies Financial Group,High Point,NC,3368828565,8888828565,juliano@verizon.net,bravesites.com
ADP,Gardnerville,NV,7075479909,,ournews@aol.com,accuweather.com
Frontier Communications,West Jordan,UT,7204431055,,bader@gmail.com,ifeng.com
Global Partners,Salmon Arm,BC,2508327780,8777131899,kosact@msn.com,seattletimes.com
Parker-Hannifin,Seattle,WA,2066821786,,reeds@optonline.net,alibaba.com
United Continental Holdings,High Point,NC,3368753043,,larry@outlook.com,clickbank.net
Ulta Beauty,Torreon,Mexico,528717217474,,treit@yahoo.com,google.ru
Charles Schwab,Elkhart,IN,8005444881,,uncled@sbcglobal.net,ow.ly
AECOM,,China,,,seebs@outlook.com,nih.gov
TJX,Sacramento,CA,8884542888,,gknauss@comcast.net,csmonitor.com
Thrivent Financial for Lutherans,,,8008498324,,fukuchi@outlook.com,ca.gov
Core-Mark Holding,Duluth,GA,8007741181,,durist@optonline.net,ed.gov
HD Supply Holdings,Tallahassee,FL,,,bmcmahon@yahoo.com,bloglovin.com
Brighthouse Financial,Olivebridge,NY,8452511280,,facet@comcast.net,booking.com
Northwestern Mutual,Branchburg,NJ,8883883773,,hermanab@me.com,hp.com
Berkshire Hathaway,,China,,,biglou@me.com,dailymotion.com
TravelCenters of America,Los Angeles,CA,8883372468,,kjohnson@yahoo.com,imageshack.us
Discover Financial Services,Canton,MI,7342079700,,mobileip@aol.com,irs.gov
Abbott Laboratories,Wilmington,DE,800267426,,nwiger@verizon.net,amazon.co.uk
Kellogg,,,8005916965,,eurohack@icloud.com,com.com
Jacobs Engineering Group,Piscataway,NJ,9733376395,,osrin@outlook.com,so-net.ne.jp
Darden Restaurants,Dandridge,TN,8653977779,,twoflower@comcast.net,blogger.com
LKQ,Chicago,IL,8883976622,,hmbrand@yahoo.ca,va.gov
Owens Corning,Anaheim,CA,7142245800,,ilikered@comcast.net,hexun.com
Alaska Air Group,Dongguan,China,8676921997921,,oracle@att.net,answers.com
New York Life Insurance,Dalton,GA,4235967040,8442964669,samavati@me.com,bbb.org
Progressive,Austin,TX,5124078500,,moxfulder@sbcglobal.net,list-manage.com
IQVIA Holdings,Jacksonville,FL,,,bryam@mac.com,oakley.com
Wayfair,New York,NY,2122048572,,cliffski@mac.com,cnet.com
Liberty Media,Carpinteria,CA,8055666500,,philb@outlook.com,unicef.org
Duke Energy,Barrington,IL,8479220511,,jespley@outlook.com,google.nl
Goodyear Tire & Rubber,Elgin,IL,8474889877,,singh@mac.com,shutterfly.com
Avnet,Coral Gables,FL,3058605757,,,vinaora.com
Chesapeake Energy,Tulsa,OK,8009995533,,,trellian.com
eBay,Orange,CA,8007782791,,,live.com
American Tower,Atlanta,GA,4046916897,,bcevc@yahoo.com,huffingtonpost.com
Principal Financial,Lenoir,NC,8287585571,,mgemmons@sbcglobal.net,phpbb.com
Jabil,Buena Park,CA,7146701171,,ardagna@outlook.com,twitter.com
Anadarko Petroleum,Yecla,"Murcia, Spain",34968718562,,netsfr@att.net,ycombinator.com
DXC Technology,Atlanta,GA,4043678300,,hakim@verizon.net,google.fr
Harris,Los Angeles,CA,3106250081,,redingtn@mac.com,intel.com
Freeport-McMoRan,Norwalk,CT,8668368509,,thurston@msn.com,java.com
Raymond James Financial,Cumming,GA,6783439021,,cderoove@live.com,imdb.com
Casey's General Stores,Miami,FL,3052049566,,portele@me.com,sina.com.cn
Aflac,Chicago,IL,8008289074,,malvar@att.net,google.com
Cardinal Health,Fort Lauderdale,FL,9544849139,8666678668,preneel@comcast.net,oracle.com
Altice USA,Wayne,NJ,9736969120,,zwood@mac.com,wufoo.com
Tenneco,New York,NY,,,qmacro@outlook.com,pinterest.com
NetApp,Las Vegas,NV,8005455575,,amimojo@gmail.com,jiathis.com
Asbury Automotive Group,Los Angeles,CA,3235836481,,eabrown@comcast.net,home.pl
AK Steel Holding,Macau,Macau,4008301688,,matty@sbcglobal.net,yale.edu
Lincoln National,Hazleton,PA,8008427839,,lridener@sbcglobal.net,harvard.edu
Ross Stores,East Hanover,NJ,8004431410,9734280400,atmarks@yahoo.ca,wix.com
Expeditors Intl. of Washington,Cartersville,GA,8668233894,6787210004,dhwon@att.net,ftc.gov
Auto-Owners Insurance,Cincinnati,OH,8559876500,,kludge@yahoo.com,yellowpages.com
Entergy,Nanan,China,,,itstatus@msn.com,simplemachines.org
United Rentals,Xiamen,China,,,pakaste@icloud.com,washingtonpost.com
USAA,Santa Fe Springs,CA,8556653666,,cliffski@yahoo.com,reuters.com
Motorola Solutions,Zhongshan,"Guangdong, China",8676022612888,,papathan@optonline.net,kickstarter.com
Office Depot,Vaughan,ON,4164004979,833ATELIER,jgmyers@yahoo.com,jalbum.net
Newmont Goldcorp,Plainview,NY,5163646479,,pajas@mac.com,shareasale.com
L3 Technologies,Ho Ho Kus,NJ,2016899422,,raides@optonline.net,goo.gl
ManpowerGroup,Carrboro,NC,9199130270,8004498677,evans@optonline.net,cbsnews.com
Humana,Hilton Head Island,SC,8433849002,,crowl@yahoo.ca,slideshare.net
Anixter International,Lafayette,CO,3034607700,,jonas@yahoo.com,go.com
Yum Brands,Anaheim,CA,8889034263,,jbuchana@msn.com,fastcompany.com
M&T Bank Corp.,Calabasas,CA,8182259998,,chinthaka@live.com,earthlink.net
Tesla,Cerdanyola Del Valles,Spain,8886071694,,madanm@me.com,istockphoto.com
Dover,Dalton,GA,8005440439,,sokol@msn.com,cnbc.com
Alphabet,St. Paul,MN,6514473046,,lridener@sbcglobal.net,delicious.com
Rockwell Collins,Boca Raton,FL,7142534733,,ajohnson@comcast.net,icq.com
Universal Health Services,Roseville,CA,3109295333,,gavollink@yahoo.com,163.com
PayPal Holdings,Hawthorne,CA,3103311665,,morain@me.com,tinyurl.com
Procter & Gamble,Los Angeles,CA,3108370526,8004503494,rgiersig@hotmail.com,livejournal.com
Southwest Airlines,Fort Mill,SC,8663771904,,ghost@me.com,ask.com
NVR,Carpinteria,CA,8055660064,8777024283,thowell@live.com,t.co
Xerox,Gaffney,SC,8644873535,,jrkorson@sbcglobal.net,dot.gov
Ally Financial,Piscataway,NJ,8004447643,9733376395,kempsonc@optonline.net,newyorker.com
CHS,Robesonia,PA,6106935835,8002333186,thomasj@yahoo.ca,narod.ru
Occidental Petroleum,Indianapolis,IN,3173536369,,kimvette@icloud.com,bbc.co.uk
Sempra Energy,Guangzhou,China,3570163786,,doormat@sbcglobal.net,blog.com
United States Steel,"Guangzhou, Guangdong ",China,,,goresky@hotmail.com,mtv.com
Farmers Insurance Exchange,Guangzhou,China,862022123561,,jbuchana@hotmail.com,sogou.com
Dell Technologies,Somerset,NJ,7328682200,,peoplesr@verizon.net,twitpic.com
SpartanNash,Reno,NV,7758297272,,houle@aol.com,artisteer.com
AutoNation,,,9083335859,,atmarks@comcast.net,theglobeandmail.com
EnLink Midstream,Orlando,FL,1360274936,,horrocks@live.com,hc360.com
Deere,Madison Lake,MN,9529838233,,jguyer@yahoo.com,purevolume.com
DISH Network,Archdale,NC,3364342322,8004233531,sabren@aol.com,nhs.uk
Sonic Automotive,Ontario,CA,8885510888,6195133447,rgiersig@optonline.net,smugmug.com
Raytheon,Calhoun,GA,8668438453,,boein@yahoo.ca,printfriendly.com
NGL Energy Partners,Glen Allen,VA,8005723331,,redingtn@outlook.com,dell.com
Ralph Lauren,Salt Lake City,UT,8019738095,,jgwang@outlook.com,umn.edu
Fidelity National Financial,Conover,NC,8004308296,,ingolfke@gmail.com,cloudflare.com
Fannie Mae,Hangzhou,"Zhejiang, China",86057182216289,57182625715,loscar@optonline.net,springer.com
Ameriprise Financial,Hangzhou,China,,8657187008032,noahb@mac.com,hatena.ne.jp
Yum China Holdings,Hanover,PA,8004264242,,nasor@aol.com,illinois.edu
Netflix,Alpharetta,GA,8003340455,,gommix@msn.com,loc.gov
Qurate Retail,Avon Lake,OH,4406535500,8004465539,flaviog@yahoo.ca,squarespace.com
Builders FirstSource,Fujian,China,,,tlinden@comcast.net,geocities.com
TIAA,New York,NY,2128912500,,iapetus@sbcglobal.net,tumblr.com
Celanese,Commerce,CA,3238877502,,jacks@aol.com,usa.gov
HCA Healthcare,Shanghai,China,3608831201,,gerlo@verizon.net,gravatar.com
Peabody Energy,Hong Kong,,,,brbarret@yahoo.com,samsung.com
Live Nation Entertainment,Richmond,BC,6042481806,8774683588,kalpol@comcast.net,cdc.gov
Regeneron Pharmaceuticals,Solana Beach,CA,8584270870,,ajohnson@hotmail.com,deviantart.com
L Brands,Tustin,CA,8885238885,,kalpol@live.com,discovery.com
VF,Woodinville,WA,8445889559,,frode@sbcglobal.net,indiegogo.com
First Data,Richmond,CA,5105364886,8004266471,frode@att.net,1und1.de
Kohl's,Waardenburg,"Gelderland, Netherlands",31418654858,,gmcgath@optonline.net,adobe.com
CarMax,Richmond,BC,8888614266,,blixem@yahoo.ca,edublogs.org
INTL FCStone,New York City,NY,2122067400,,pemungkah@yahoo.ca,people.com.cn
Reliance Steel & Aluminum,South San Francisco,CA,8003171688,,jpflip@verizon.net,about.com
State Street Corp.,San Francisco,CA,8005322333,,fmtbebuck@yahoo.ca,a8.net
S&P Global,Lexington,NC,3362838679,,yamla@aol.com,gizmodo.com
XPO Logistics,Winnetka,CA,8444624346,844IMAGEIN,evilopie@comcast.net,jigsy.com
Campbell Soup,Deerlijk,Belgium,,,moinefou@gmail.com,github.io
iHeartMedia,Montclair,NJ,8006808453,,claypool@verizon.net,guardian.co.uk
Whirlpool,Milano,,390331322581,,dinther@sbcglobal.net,altervista.org
Land O'Lakes,Gardena,CA,3104510644,,tfinniga@verizon.net,studiopress.com
PVH,Sanford,FL,4073235630,,kjetilk@aol.com,friendfeed.com
Henry Schein,Sant'Agata Feltria (RN),"Rimini, Italy",390541848711,,frostman@aol.com,prnewswire.com
Huntington Ingalls Industries,New York,NY,6462766761,,yangyan@me.com,sciencedirect.com
General Motors,Cape Town,South Africa,270834454105,,mcnihil@hotmail.com,jugem.jp
Waste Management,Orlando,FL,4076017686,,webteam@live.com,mapquest.com
Biogen,Portland,OR,5032842260,,sburke@optonline.net,addthis.com
Allstate,Los Angeles,CA,8444226679,,ducasse@hotmail.com,psu.edu
Mosaic,Amityville,NY,5167676786,,gordonjcp@comcast.net,diigo.com
Capital One Financial,Calabasas,CA,8186180410,,evilopie@optonline.net,dyndns.org
AT&T,Jasper,IN,8124825239,,keutzer@yahoo.com,devhub.com
AmerisourceBergen,Dania Beach,FL,9549223939,,peoplesr@gmail.com,businesswire.com
Paccar,Ho Chi Minh City,Vietnam,,,arnold@verizon.net,unesco.org
FedEx,Brooklyn,NY,6467121117,,budinger@yahoo.ca,zimbio.com
Becton Dickinson,Sandston,VA,8046124416,,linuxhack@gmail.com,webeden.co.uk
Intuit,Richardson,TX,8002233571,,phizntrg@outlook.com,chron.com
Leidos Holdings,Atlanta,GA,6785384125,,,elpais.com
Owens & Minor,Port Washington,NY,8005277796,,,apache.org
Arthur J. Gallagher,Oakville,ON,9054913900,,,ibm.com
Applied Materials,New York,NY,2124750479,,sabren@msn.com,storify.com
Expedia Group,"Jiangmen, Guangdong",China,,,arandal@aol.com,ebay.co.uk
Supervalu,Centennial,CO,3034822630,,seasweb@comcast.net,addtoany.com
Ameren,Eagle,ID,2089396430,,dleconte@gmail.com,gmpg.org
Charter Communications,Columbus,MS,6623281685,,mfleming@att.net,mit.edu
Booking Holdings,San Rafael,CA,4153322660,,cmdrgravy@live.com,tinypic.com
Goldman Sachs Group,New York,NY,2123348060,8008789663,meder@msn.com,sitemeter.com
Caesars Entertainment,Miami,FL,7089578000,,matsn@optonline.net,cmu.edu
IBM,Los Angeles,CA,2134370102,,thrymm@mac.com,upenn.edu
Air Products & Chemicals,Temple City,CA,6263823208,,majordick@me.com,sourceforge.net
CSX,San Diego,CA,8003669800,,hoangle@mac.com,etsy.com
Eastman Chemical,Chicago,IL,2627294032,,brickbat@live.com,independent.co.uk
Apple,Tempe,AZ,4802221100,,smcnabb@live.com,vimeo.com
Targa Resources,Las Vegas,NV,8005252655,,hoyer@yahoo.com,whitehouse.gov
Public Service Enterprise Group,Fishers,IN,8668222527,,debest@att.net,oaic.gov.au
Kraft Heinz,Carrboro,NC,9199674300,,sequin@verizon.net,xinhuanet.com
Freddie Mac,Calhoun,GA,7189071396,,juerd@aol.com,ucoz.ru
Morgan Stanley,Export,PA,8882664343,,philen@hotmail.com,joomla.org
Group 1 Automotive,North Vancouver,BC,6046280567,,mlewan@icloud.com,msn.com
TreeHouse Foods,Vernon,CA,3235887700,,maneesh@optonline.net,blinklist.com
Beacon Roofing Supply,Roswell,GA,7705872555,,malvar@mac.com,craigslist.org
Fiserv,St. Louis,MO,3144348898,,thurston@outlook.com,t-online.de
Tenet Healthcare,Chester,NY,8883872765,,squirrel@sbcglobal.net,sakura.ne.jp
EMCOR Group,Montreal,QC,8007841720,5144947997,errxn@optonline.net,linkedin.com
Gap,New Taipei City,Taiwan,886222963999,,retoh@icloud.com,de.vu
Clorox,Toronto,ON,4167595665,8007245665,campware@outlook.com,cafepress.com
Colgate-Palmolive,Westmont,IL,6305905300,,hermes@me.com,symantec.com
PepsiCo,Bozeman,MT,4065393911,,jrkorson@optonline.net,parallels.com
Alliance Data Systems,Fort Lauderdale,FL,8005969960,,tubesteak@yahoo.com,admin.ch
DTE Energy,Miami,FL,3053827525,,william@verizon.net,bloglines.com
Plains GP Holdings,Hsin Chuang Dist.,Taiwan,886289926948,,tlinden@comcast.net,furl.net
Assurant,Surrey,BC,6045387162,,dodong@aol.com,canalblog.com
Union Pacific,Mount Airy,NC,3364294114,,kassiesa@me.com,sphinn.com
Genworth Financial,Chicago,IL,7736379600,,luvirini@gmail.com,over-blog.com
Nvidia,Garden Grove,CA,7146382585,8005525432,arandal@yahoo.com,seesaa.net
Viacom,Brookshire,TX,8887495336,,pajas@aol.com,uiuc.edu
Analog Devices,Seoul,South Korea,827075005891,,skoch@verizon.net,weibo.com
Conagra Brands,New York,NY,2122262242,,howler@aol.com,ustream.tv
BB&T Corp.,La Mirada,CA,5626239328,,research@mac.com,examiner.com
Verizon Communications,West Hartford,CT,8772953472,,jamuir@msn.com,paginegialle.it
Philip Morris International,Russellville,AL,2054700299,,wonderkid@mac.com,thetimes.co.uk
Illinois Tool Works,Lancaster,United Kingdom,4401524239676,,nweaver@verizon.net,indiatimes.com
Walmart,Houston,TX,2817418542,,themer@verizon.net,ezinearticles.com
salesforce.com,Linden,NJ,9089257500,,leakin@icloud.com,qq.com
Lennar,Duncan,BC,2507480763,,vertigo@verizon.net,marriott.com
Penske Automotive Group,University Park,MD,3017895099 ,,bester@yahoo.ca,elegantthemes.com
CBS,Bali,Indonesia,6285100632026,,vlefevre@aol.com,baidu.com
Emerson Electric,Toano,VA,8002742360,,trygstad@verizon.net,smh.com.au
Ball,New York,NY,2122522152,,skippy@optonline.net,i2i.jp
Quest Diagnostics,,Belgium,,,dialworld@comcast.net,nytimes.com
PREVIO,Hauppauge,NY,6312325300,,balchen@live.com,blogspot.com
Johnson & Johnson,Ontario,CA,9097818462,,yzheng@comcast.net,youku.com
Dollar Tree,Woodridge,IL,6307838100,8003425725,uraeus@yahoo.ca,opensource.org
Molina Healthcare,Ellicott City,MD,4103139088,,granboul@mac.com,timesonline.co.uk
Qualcomm,Tuen Mun,Hong Kong,,,shazow@att.net,topsy.com
Genuine Parts,Los Angeles,CA,3236515110,,kohlis@aol.com,newsvine.com
Western & Southern Financial Group,Miami,FL,3059950900,,noticias@icloud.com,nyu.edu
HollyFrontier,High Point,NC,3362170624,,mwilson@att.net,tmall.com
Marsh & McLennan,Cornedo Vicentino,Italy,390445953081,,hillct@comcast.net,tripod.com
Cisco Systems,,Portugal,,,danneng@yahoo.ca,mashable.com
Hewlett Packard Enterprise,Los Angeles,CA,3239441383,,akoblin@me.com,ft.com
Dillard's,Cumming,GA,7702055335,8884055335,barjam@optonline.net,npr.org
Windstream Holdings,Niceville,FL,8556285225,,nwiger@yahoo.com,hibu.com
ConocoPhillips,Ventura,CA,8056487761,,ehood@comcast.net,sbwire.com
Stanley Black & Decker,Auckland,New Zealand,8778101701,,doormat@optonline.net,state.gov
Advance Auto Parts,Skokie,IL,7734656909,,teverett@outlook.com,mozilla.org
Chevron,Indianapolis,IN,3172672626,,ajlitt@yahoo.com,xing.com
Tapestry,Colorado Springs,CO,8004448827,,anicolao@outlook.com,engadget.com
WellCare Health Plans,Vancouver,BC,6047168485,,noticias@att.net,google.pl
Reinsurance Group of America,Paris,France,,,goresky@yahoo.com,phoca.cz
Chemours,Los Angeles,CA,3238690100,,pfitza@hotmail.com,scribd.com
Dollar General,Birmingham,AL,8772486656,,rgarton@sbcglobal.net,bandcamp.com
Albertsons,Taylorsville,NC,8007895401,,corrada@yahoo.ca,spotify.com
Huntsman,Orem,UT,8012240589,8003271692,mschilli@yahoo.ca,gnu.org
DaVita,Chatsworth,CA,3239061083,,retoh@att.net,homestead.com
Dean Foods,,,8005198794,,satch@yahoo.com,statcounter.com
Omnicom Group,Newark,NJ,9734813500,,pajas@outlook.com,house.gov
General Dynamics,High Point,NC,3365535785,,zyghom@yahoo.com,cbc.ca
United Natural Foods,New York,NY,2125050009,,smallpaul@live.com,typepad.com
CVS Health,Madrid,Spain,34964652233,,lridener@yahoo.ca,dion.ne.jp
Best Buy,Waterbury,CT,2037568891,,weazelman@msn.com,barnesandnoble.com
Advanced Micro Devices,Greenville,NC,2527526195,,quantaman@live.com,yelp.com
Polaris Industries,Santa Ana,CA,9494175207,,zeitlin@sbcglobal.net,aboutads.info
Amgen,Scottsdale,AZ,6024413525,,arebenti@yahoo.com,epa.gov
Steel Dynamics,Chino,CA,9093065088,,reziac@hotmail.com,drupal.org
Thor Industries,San Antonio,TX,8778881116,,pgolle@outlook.com,ning.com
Cummins,Christchurch,"Canterbury, New Zealand",6436693755,,iapetus@yahoo.com,ovh.net
Las Vegas Sands,Anaheim,CA,7147779323,,darin@icloud.com,wisc.edu
WEC Energy Group,Hong Kong,China,,,cvrcek@outlook.com,netvibes.com
Keurig Dr Pepper,Franklin,OH,5134245510,8666483548,mgreen@yahoo.ca,tripadvisor.com
American Family Insurance Group,Phoenix,AZ,6028612828,,joglo@icloud.com,ted.com
Liberty Mutual Insurance Group,Sydney,"New South Wales, Australia",,,mallanmba@verizon.net,globo.com
Coty,Commerce,CA,3237672600,8006866672,demmel@msn.com,facebook.com
Northrop Grumman,Boca Raton,FL,5619970800,,johndo@sbcglobal.net,nasa.gov
Micron Technology,Westlake Village,CA,8053799117,,arathi@yahoo.com,desdev.cn
Graybar Electric,Gaffney,SC,8644873535,,mthurn@mac.com,spiegel.de
Hershey,West Chicago,IL,6302311331,8002344900,sequin@me.com,reverbnation.com
U.S. Bancorp,South Bend,IN,8003485000,,oevans@live.com,patch.com
Phillips 66,McAllen,TX,9566642007,,kevinm@icloud.com,stumbleupon.com
Bristol-Myers Squibb,Mexico City,Mexico,5215520463391,,oevans@comcast.net,exblog.jp
ON Semiconductor,Avenel,NJ,2013455550,,,dagondesign.com
Danaher,Baltimore,MD,4102988100,,,angelfire.com
FirstEnergy,Forest,VA,8006825698,,,imgur.com
Citizens Financial Group,Ontario,CA,8007769533,,gavollink@yahoo.ca,wiley.com
Gilead Sciences,New York,NY,2123550625,,rgarcia@hotmail.com,moonfruit.com
Tyson Foods,Clermont,FL,7256962747,,tromey@icloud.com,mac.com
Travelers,Longeville En Barrios,France,330329767778,,william@hotmail.com,ucoz.com
Corning,Toronto,ON,4165315051,,ganter@hotmail.com,usda.gov
Anthem,Salem,OR,8004241433,,ijackson@gmail.com,4shared.com
KeyCorp,Dallas,TX,4696610841,,garland@sbcglobal.net,vkontakte.ru
Packaging Corp. of America,Zongshan,China,8676028185488,,gregh@gmail.com,goo.ne.jp
Avery Dennison,Floral Park,NY,5163541002,,mailarc@gmail.com,ocn.ne.jp
United Technologies,Toronto,ON,6476896058,,gordonjcp@hotmail.com,berkeley.edu
United Parcel Service,Kenner,LA,5044679591,,phizntrg@comcast.net,youtu.be
Target,Oakland,CA,5103980770,,farber@outlook.com,nationalgeographic.com
Oshkosh,Nan'an,"Fujian, China",86059586990290,,ijackson@yahoo.com,liveinternet.ru
Cognizant Technology Solutions,Columbia,SC,8037880559,,pereinar@verizon.net,constantcontact.com
Broadcom,Dallas,TX,2143894277,,bartak@hotmail.com,taobao.com
First American Financial,Milwaukee,WI,4143537060,8005585592,benanov@msn.com,cnn.com
Halliburton,Compton,CA,8004960204,,jimmichie@verizon.net,usgs.gov
Southern,Tuscaloosa,AL,8002215497,,sumdumass@aol.com,jimdo.com
A-Mark Precious Metals,Fairfield,NJ,9735755414,,forsberg@me.com,quantcast.com
Eversource Energy,High Point,NC,3368827400,,benits@icloud.com,redcross.org
Kimberly-Clark,Scottsdale,AZ,8882171117,,graham@icloud.com,who.int
Realogy Holdings,Minneapolis,MN,6124263789,,houle@optonline.net,army.mil
UGI,Orlando,FL,4072707877,,gavinls@sbcglobal.net,slate.com
Hanesbrands,Denver,CO,8007206973,,empathy@outlook.com,wikimedia.org
General Mills,Minneapolis,MN,6123554200,8006620032,dmath@optonline.net,myspace.com
Hess,Omaha,NE,4025511200,,mstrout@msn.com,sfgate.com
Celgene,San Clemente,CA,9493695512,,ranasta@me.com,deliciousdays.com
Amazon.com,Carlsbad,CA,7607075400,8883200626,darin@mac.com,free13runpool.com
Murphy USA,Brooklyn,NY,7189630564,,kludge@sbcglobal.net,auda.org.au
International Paper,Eden Prairie,MN,8002412718,9529347666,marioph@yahoo.ca,yahoo.com
R.R. Donnelley & Sons,Miramar,FL,7865582233,,bflong@hotmail.com,omniture.com
Devon Energy,Coral Gables,FL,34966480132,,thomasj@gmail.com,wired.com
Publix Super Markets,San Luis Potosi,Mexico,524448113334,9567652760,schwaang@verizon.net,miibeian.gov.cn
Nucor,St. Henry,OH,4196783300,,wagnerch@hotmail.com,youtube.com
Community Health Systems,Waukesha,WI,2625480500,8777668301,mugwump@icloud.com,rediff.com
American Airlines Group,Ramsey,NJ,2019951310,877PORSAUS,bbirth@gmail.com,amazon.de
Markel,Phoenix,AZ,6027381456,,yxing@sbcglobal.net,bloomberg.com
Walt Disney,Watsonville,CA,8317247300,,psichel@comcast.net,themeforest.net
Quanta Services,Fort Worth,TX,8178628774,,clkao@mac.com,domainmarket.com
Amphenol,Mahtomedi,MN,6122088347,,jpflip@yahoo.com,flavors.me
Burlington Stores,Chicago,IL,7737701195,,mfburgo@yahoo.ca,economist.com
GameStop,San Diego,CA,6199524327,,neonatus@yahoo.com,google.co.uk
Zimmer Biomet Holdings,Phoenix,AZ,6022697900,8669994734,arathi@optonline.net,princeton.edu
Ford Motor,Xiamen,"Fujian, China",8605925617359,,ramollin@mac.com,google.it
Baxter International,Pompano Beach,FL,9547739450,,manuals@me.com,disqus.com
J.C. Penney,Van Nuys,CA,8778997678,,moinefou@msn.com,tamu.edu
American Financial Group,Concord,ON,9056606996,,alfred@live.com,ihg.com
NextEra Energy,Rancho Cucamonga,CA,8772223301,,hwestiii@icloud.com,surveymonkey.com
Navistar International,Gaziantep,Turkey,90342337954651,,ehood@yahoo.com,wp.com
PPL,Calabasas,CA,8774991818,,campbell@outlook.com,opera.com
Newell Brands,,,5163533106,,andrewik@comcast.net,mozilla.com
AbbVie,Bay City,MI,8008903010,9898932857,rkobes@aol.com,google.com.br
American Express,Hong Kong,,85297106716,,british@yahoo.ca,webs.com
Ryder System,Alpharetta,GA,7706424169,8005239448,denton@yahoo.com,lulu.com
Simon Property Group,Denver,CO,8005227336,,flavell@yahoo.ca,utexas.edu
Veritiv,Riverview,MI,7342508042,,krueger@verizon.net,360.cn
Spirit AeroSystems Holdings,Los Angeles,CA,3232012575,,meder@me.com,paypal.com
Discovery,Roanoke,VA,5403421548,,heroine@hotmail.com,example.com
Sherwin-Williams,Waregem,Belgium,,,raines@comcast.net,hostgator.com
Tractor Supply,Lasalle,QC,5143671741,80066795061,draper@comcast.net,networksolutions.com
Nike,Commerce,CA,3232014200,,srour@gmail.com,bluehost.com
Nationwide,Portland,OR,5032347557,8002752090,denton@mac.com,1688.com
Dana,New York,NY,2127532039,,loscar@att.net,dedecms.com
State Farm Insurance,Nixa,MO,4177254000,,jhardin@mac.com,is.gd
Textron,Woodland Hills,CA,8189144233,8442030343,sjava@yahoo.ca,yolasite.com
AIG,Alboraya (Valencia),Spain,34963916805,,imightb@aol.com,salon.com
Lam Research,Miami Gardens,FL,3056282424,8664382964,rohitm@live.com,time.com
PulteGroup,Bloomfield Hills,MI,2484095654,8008219085,thrymm@aol.com,mysql.com
Williams,Boca Raton,FL,5619944422,,crimsane@outlook.com,wordpress.org
Arconic,Buffalo,NY,7168494760,8008362580,rande@gmail.com,xrea.com
McKesson,Ocean,NJ,7322087682,9738811780,csilvers@me.com,feedburner.com
Western Union,,United Kingdom,,,kronvold@mac.com,dropbox.com
Alleghany,Hickory,NC,8283223480,,sumdumass@optonline.net,123-reg.co.uk
Lear,Mansfield,MA,8003333778,,shrapnull@comcast.net,unblog.fr
Crown Holdings,Calhoun,GA,7066258905,8004332440,smpeters@icloud.com,github.com
Centene,Barcelona,Spain,34936589503,,galbra@icloud.com,meetup.com
Tech Data,Huntersville,NC,5405148102,,moxfulder@hotmail.com,flickr.com
Pioneer Natural Resources,Va Beach,VA,4343927068,,subir@msn.com,scientificamerican.com
Consolidated Edison,Concord,NH,8556503265,,smallpaul@optonline.net,plala.or.jp
Marriott International,Scottsdale,AZ,6029045727,,specprog@comcast.net,mediafire.com
Fidelity National Information Services,,,8663218373,,ateniese@gmail.com,mail.ru
Cheniere Energy,Fountain Valley,CA,9497227022,,phyruxus@sbcglobal.net,google.com.hk
PPG Industries,Fargo,ND,7012824900,8004730221,rddesign@icloud.com,shinystat.com
PNC Financial Services,Newport Beach,CA,9496127173,,ryanvm@sbcglobal.net,ucla.edu
Navient,Larchmont,NY,9148343600,,jaffe@mac.com,blogs.com
W.W. Grainger,Agawam,MA,8005691294,4137891770,maradine@msn.com,nps.gov
Activision Blizzard,Reno,NV,8774387843,,rnelson@mac.com,mayoclinic.com
Hertz Global Holdings,Phoenix,AZ,6029561149,,howler@yahoo.com,shop-pro.jp
SunTrust Banks,Miami,FL,3055079639,8443668464,fluffy@gmail.com,sohu.com
Foot Locker,Charlotte,NC,7045422304,,pthomsen@msn.com,sun.com
Ingredion,Magnolia,AR,8702348660,8002210408,murdocj@hotmail.com,merriam-webster.com
Western Digital,Vidalia,LA,3183368885,,drjlaw@mac.com,reddit.com
Xcel Energy,Villa Rica,GA,4044192900 ,,gslondon@sbcglobal.net,fotki.com
Rite Aid,Maple Grove,MN,8003282580,,jipsen@msn.com,cbslocal.com
WESCO International,East Hampton,NY,6313297490,,mchugh@live.com,google.de
Edison International,Redding,CT,2037912725,,cantu@mac.com,cpanel.net
MasTec,Bel Air,MD,8009977604,,harryh@sbcglobal.net,eventbrite.com
PBF Energy,New Castle,DE,3027647100,8005372107,tmaek@yahoo.com,comsenz.com
Texas Instruments,Toronto,ON,8887617732,,juerd@yahoo.ca,w3.org
Pacific Life,Fullerton,CA,800449SPEC,,rasca@mac.com,amazonaws.com
Costco Wholesale,Fallston,NC,7045386522,,,washington.edu
Robert Half International,Ocean,NJ,7325170800,8004627812,,telegraph.co.uk
Seaboard,Mauldin,SC,8644143675,,,soundcloud.com
National Oilwell Varco,Leominster,MA,9785341800,9784669234,dodong@att.net,fc2.com
Visa,Tampa,FL,8135756900,,demmel@aol.com,si.edu
Erie Insurance Group,Randolph,NJ,9735980152,,thomasj@att.net,zdnet.com
C.H. Robinson Worldwide,Cincinnati,OH,5137619255,8009990400,ccohen@att.net,pen.io
Zoetis,Dallas,TX,4699300340,,johnh@sbcglobal.net,amazon.co.jp
Toll Brothers,Chino,CA,9095483358,,ngedmond@sbcglobal.net,gov.uk
Guardian Life Ins. Co. of America,Vacaville,CA,4158124719,,nimaclea@gmail.com,abc.net.au
Mohawk Industries,Madison Heights,MI,5867582700,8885275700,shazow@icloud.com,cyberchimps.com
Coca-Cola,New York,NY,84440STARK,,emcleod@optonline.net,biglobe.ne.jp
Loews,Glendale Heights,IL,6304589150,,zeller@outlook.com,cornell.edu
Jones Lang LaSalle,Shipshewana,IN,2607684507,,kosact@att.net,php.net
Energy Transfer,Garden Grove,CA,7148913191,8882812817,madler@att.net,ehow.com
Rockwell Automation,Glasgow,United Kingdom,441414233299,,choset@aol.com,alexa.com
CenturyLink,Teutopolis,IL,2175403100,,parrt@verizon.net,google.cn
JPMorgan Chase,Manlius,NY,3156927300,,emmanuel@aol.com,ox.ac.uk
CenterPoint Energy,Mesa,AZ,4809661250,,whimsy@hotmail.com,eepurl.com
D.R. Horton,Santa Fe,NM,5059868883,8886822987,pgottsch@yahoo.com,nbcnews.com
Honeywell International,Chaska,MN,9524486566,8006946727,pedwards@comcast.net,wikia.com
Oneok,White,GA,8772757847,,dwheeler@me.com,godaddy.com
NCR,Dallas,TX,2143894277,,meinkej@verizon.net,aol.com
Boeing,Ojebyn,Sweden,4691166725,,bogjobber@att.net,cam.ac.uk
Hilton Worldwide Holdings,Plattsburgh,NY,8008361892,,lukka@optonline.net,creativecommons.org
Owens-Illinois,New York,NY,2125328670,8665950088,speeves@me.com,msu.edu
Insight Enterprises,Switzerland,,,,weidai@comcast.net,g.co
CDW,Braintree,MA,8007966667,,webdragon@att.net,comcast.net
Prudential Financial,San Diego,CA,8778109059,,fangorn@gmail.com,rambler.ru
Mondelez International,Cottage Grove,WI,,,luvirini@verizon.net,behance.net
Exelon,Dalton,GA,8667965296,,bogjobber@yahoo.com,forbes.com
JetBlue Airways,Highland Park,IL,8475799003,,marcs@aol.com,walmart.com
Post Holdings,Odessa,FL,7273751212,,salesgeek@yahoo.ca,prlog.org
Exxon Mobil,Elberta,AL,2519866000,,parkes@msn.com,columbia.edu
Ascena Retail Group,Austin,TX,8889947837,5129266346,harryh@aol.com,marketwatch.com
Unum Group,Downers Grove,IL,8005263847,,bradl@verizon.net,google.com.au
AES,Lynden,WA,2063700730,,lstaf@live.com,randomlists.com
Vistra Energy,Acquasparta,"Terni, Italy",390744930747,,heckerman@gmail.com,theguardian.com
Ecolab,Vaughan,ON,9058507272,8558253762,ullman@yahoo.ca,lycos.com
Weyerhaeuser,Bellefonte,PA,5415171634,,tmccarth@att.net,histats.com
Lockheed Martin,Morristown,NJ,9735383707,,keijser@verizon.net,macromedia.com
Eli Lilly,Florence,AL,2567674990,,tbeck@verizon.net,nymag.com
Williams-Sonoma,Aurora,IL,6302641110,,hwestiii@mac.com,wikipedia.org
FirstEnergy,Dalton,GA,7062773000,,kosact@live.com,yandex.ru
PBF Energy,Bossier City,LA,8004630660,,ubergeeb@mac.com,wikispaces.com
Baxter International,St. Petersburg,FL,7276443826,,rkobes@yahoo.com,infoseek.co.jp
Lennar,Agualva Cacem,Portugal,351213600000,,godeke@comcast.net,weebly.com
W.W. Grainger,Granville,NY,5186421100,,sravani@verizon.net,nba.com
Colgate-Palmolive,Greensboro,NC,3368510814,,jgwang@outlook.com,cdbaby.com
Lam Research,Brick,NJ,7329202654,,dcoppit@mac.com,china.com.cn
State Farm Insurance,Lexington,KY,8662516471,,sarahs@yahoo.com,acquirethisname.com
American Financial Group,Red Bud,IL,8004585872,,cparis@live.com,ebay.com
International Paper,Bali,Indonesia,,,sravani@msn.com,naver.com
Dean Foods,Woodbridge,ON,9058518838,,mddallara@hotmail.com,squidoo.com
Hewlett Packard Enterprise,Nixa,MO,4177255515,8003488453,errxn@att.net,usnews.com
Dillard's,Pennsauken,NJ,8003478344,,ilikered@gmail.com,biblegateway.com
Western & Southern Financial Group,Santa Rosa Beach,FL,6142023988,,granboul@sbcglobal.net,vistaprint.com
Asbury Automotive Group,Plano,TX,8885833361,,bcevc@live.com,bizjournals.com
Walt Disney,New York,NY,2123714646,,dkasak@yahoo.com,issuu.com
Lithia Motors,Corona,CA,8004928722,,jeffcovey@yahoo.ca,japanpost.jp
Costco Wholesale,Philadelphia,PA,2154960440,,pontipak@aol.com,icio.us
Anadarko Petroleum,Rocky Mount,VA,8773766777,,xnormal@comcast.net,discuz.net
Reliance Steel & Aluminum,Fort Lauderdale,FL,9549711776,,luebke@yahoo.ca,free.fr
Henry Schein,Xiamen,"Fujian, China",8659128082090,,bruck@yahoo.ca,netscape.com
M&T Bank Corp.,Spring Valley,NY,8005208268,,kramulous@verizon.net,vk.com
Best Buy,North Las Vegas,NV,7022964156,,mcraigw@live.com,yahoo.co.jp
Altria Group,Veneto,Italy,9546042584,,agolomsh@outlook.com,dmoz.org
Sherwin-Williams,Los Angeles,CA,3237524555,,lstaf@sbcglobal.net,e-recht24.de
ManpowerGroup,,,8582074900,,mchugh@att.net,skype.com
GameStop,Costa Mesa,CA,9495483204,,granboul@hotmail.com,state.tx.us
Autoliv,Tsim sha Tsui,Hong Kong,8613172376985,,parkes@hotmail.com,senate.gov
CenturyLink,Foothill Ranch,CA,9496091299,8004216599,chrisk@hotmail.com,apple.com
Frontier Communications,Concord,ON,8885385552,,dwsauder@optonline.net,umich.edu
Goodyear Tire & Rubber,Alexandria,LA,3184731888,,lahvak@outlook.com,wordpress.com
FedEx,Burlington,VT,8884258838,,karasik@aol.com,bigcartel.com
BB&T Corp.,New Albany,IN,5024581502,,ducasse@verizon.net,google.co.jp
Citizens Financial Group,Edison,NJ,7324171700,,tmaek@mac.com,dailymail.co.uk
Motorola Solutions,Valencia,Spain,341201010,,catalog@yahoo.com,webnode.com
BJ's Wholesale Club,Dallas,TX,9722432325,,sokol@live.com,hhs.gov
Bed Bath & Beyond,North Charleston,SC,8004217189,,adamk@aol.com,fda.gov
Veritiv,New York,NY,8665917792,,fbriere@sbcglobal.net,geocities.jp
Westlake Chemical,Gulf Shores,AL,2519683375,,crowemojo@hotmail.com,blogtalkradio.com
Voya Financial,Monroe Township,NJ,6095784300,,hyper@comcast.net,arstechnica.com
Publix Super Markets,Port Townsend,WA,3603799030,,chance@comcast.net,howstuffworks.com
Darden Restaurants,Temecula,CA,9516951003,,heine@icloud.com,noaa.gov
Ryder System,Denver,CO,8666501500,,benanov@sbcglobal.net,hugedomains.com
Dick's Sporting Goods,Toronto,ON,4164618476,,bebing@verizon.net,ameblo.jp
American Electric Power,Houston,TX,7136865999,,jdray@gmail.com,technorati.com
NGL Energy Partners,Durango,Mexico,526188337995,,cosimo@yahoo.ca,posterous.com
Southwest Airlines,Brookfield,WI,8003079218,,denism@icloud.com,microsoft.com
Burlington Stores,Hong Kong,Hong Kong,85281999750,,terjesa@mac.com,buzzfeed.com
Eversource Energy,Tigard,OR,5035961376,,scato@me.com,amazon.com
Xerox,Silver Lake,IN,2193522102,8002538619,dmbkiwi@me.com,instagram.com
NextEra Energy,Port Washington,NY,8005262588,,ebassi@hotmail.com,pbs.org
Sempra Energy,Los Angeles,CA,8182808300,,szymansk@icloud.com,last.fm
Nike,Lima,OH,4192295399,8779026711,jguyer@sbcglobal.net,google.es
Foot Locker,Nashville,TN,8778078897,,gilmoure@outlook.com,mapy.cz
Amgen,Walpole,MA,8003436948,,muadip@yahoo.ca,weather.com
Microsoft,Teterboro,NJ,2015672000,,sonnen@hotmail.com,privacy.gov.au
Expeditors Intl. of Washington,Kansas City,MO,8164790489,,slanglois@att.net,unc.edu
CHS,Vista,CA,7607277723,8002446364,mpiotr@mac.com,nydailynews.com
Guardian Life Ins. Co. of America,Brooklyn,NY,7182572800,8008427277,citizenl@outlook.com,nsw.gov.au
Amphenol,Alpharetta,GA,7703432788,,andersbr@live.com,pcworld.com
Goldman Sachs Group,Murrieta,CA,8883040660,,,miitbeian.gov.cn
Arconic,Danbury,CT,2035466000,,,virginia.edu
Core-Mark Holding,Boston,MA,8779293247,,,slashdot.org
CarMax,Covington,GA,7702823785,,dodong@att.net,woothemes.com
Eli Lilly,Jamestown,NY,7164849135,,demmel@aol.com,mlb.com
Intel,Batavia,IL,877933WEDI,8473579815,thomasj@att.net,un.org
Ameriprise Financial,Logan,UT,8005177179,,ccohen@att.net,goodreads.com
Bank of New York Mellon,New York,NY,,,johnh@sbcglobal.net,sciencedaily.com
Bank of America,Clearwater,FL,8887439232,,ngedmond@sbcglobal.net,bing.com
Northern Trust,Pelham,AL,2053589600,,nimaclea@gmail.com,tiny.cc
Emerson Electric,Live Oak,FL,8885928325,4074334300,shazow@icloud.com,wunderground.com
Celgene,Minneapolis,MN,6125290800,,emcleod@optonline.net,usatoday.com
Hartford Financial Services,Pawtucket,RI,8008766374,5086994412,zeller@outlook.com,theatlantic.com
Owens-Illinois,Knokke,Belgium,3293950012,,kosact@att.net,networkadvertising.org
AmerisourceBergen,High Point,NC,2524463266,,madler@att.net,hao123.com
EnLink Midstream,San Francisco,CA,8888374888,,choset@aol.com,netlog.com
Discovery,Mount Airy,NC,3367196694,8002211537,parrt@verizon.net,chicagotribune.com
Wynn Resorts,Richmond,BC,6043701181,,emmanuel@aol.com,wsj.com
McKesson,,Australia,,,whimsy@hotmail.com,uol.com.br
Conagra Brands,Temple,TX,8004333222,,pgottsch@yahoo.com,cocolog-nifty.com
Delek US Holdings,Tinton Falls,NJ,7328694466,8778946448,pedwards@comcast.net,latimes.com
Navient,Hangzhou,China,,,dwheeler@me.com,businessinsider.com
D.R. Horton,Costa Mesa,CA,9495483200,,meinkej@verizon.net,businessweek.com
Berry Global Group,Dana Point,CA,9492129911,,bogjobber@att.net,tuttocitta.it
Exxon Mobil,Hudsonville,MI,8002348208,,lukka@optonline.net,odnoklassniki.ru
Target,West Chester,PA,6104312512,,speeves@me.com,soup.io
Group 1 Automotive,Halle,Germany,,,weidai@comcast.net,pagesperso-orange.fr
IBM,Guangzhou,China,8613926015632,,webdragon@att.net,hubpages.com
EOG Resources,Ontario,CA,9099888887,,fangorn@gmail.com,skyrock.com
Mondelez International,Seoul,South Korea,,,luvirini@verizon.net,multiply.com
DISH Network,Chicago,IL,3126989838,,bogjobber@yahoo.com,boston.com
US Foods Holding,New Castle,DE,8008923986,,marcs@aol.com,cargocollective.com
Booking Holdings,Los Angeles,CA,3102688230,,salesgeek@yahoo.ca,hud.gov
American Family Insurance Group,Zhangzhou,China,,,parkes@msn.com,nifty.com
PPL,Panorama City,CA,8008003443,8187855626,harryh@aol.com,prweb.com
Avnet,Miami,FL,3056779148,8882111120,bradl@verizon.net,about.me
New York Life Insurance,Union City,CA,5108774087,,lstaf@live.com,arizona.edu
